prospect,business,contact,role,source,projectCount,unitCount,priceBand,enquirySources,currentTooling,respondsEvenings,siteVisitsRecorded,reraDocsManual,brokerCommissionTracked,oneLineObservation,sentDate,replyDate,callDate,pilot,setupFee,blocker,nextStep
1,,,,,,,,,,,,,,,,,,,,,,,,
2,,,,,,,,,,,,,,,,,,,,,,,,
3,,,,,,,,,,,,,,,,,,,,,,,,
4,,,,,,,,,,,,,,,,,,,,,,,,
5,,,,,,,,,,,,,,,,,,,,,,,,
6,,,,,,,,,,,,,,,,,,,,,,,,
7,,,,,,,,,,,,,,,,,,,,,,,,
8,,,,,,,,,,,,,,,,,,,,,,,,
9,,,,,,,,,,,,,,,,,,,,,,,,
10,,,,,,,,,,,,,,,,,,,,,,,,